,x_coord,y_coord
#####,12.6852036083,6.67377649959
12 Stones,-17.262379064,-0.0561045360356
1200 Micrograms,7.68453423099,11.1544635483
12012,-14.7331637764,-15.6235348437
13th Floor Elevators,-1.98613145682,-20.2670142893
2Pac,-2.02769552468,6.45387402629
3 Doors Down,-21.6769712282,-13.2729990714
30 Seconds to Mars,9.14536661382,5.3941923604
3OH!3,3.23804022154,3.73300083068
3mmey,14.7214942864,-21.9810495129
4 Strings,9.76799866786,14.1008524539
5'nizza,14.4191911679,5.35065452085
50 Cent,-2.18287656378,6.56889008478
5ive,-2.48703438945,14.5053554325
A Flock of Seagulls,14.6163645606,-7.09383335012
A Perfect Circle,-15.9064462812,-0.993476971157
A Tribe Called Quest,-1.99129351423,4.329633916
A*Teens,-1.47440796206,16.8273695045
A7ie,3.64788988433,-12.8704891937
ABBA,-3.78903261887,20.2926582886
AC/DC,-3.40673253193,-12.611376976
ADULT.,-4.62743893106,-15.2035803203
AFX,-1.48530826292,-2.72772747498
ASIAN KUNG-FU GENERATION,-12.2925805951,-20.0839643032
ASP,-5.13242198914,19.3577934018
ATB,10.3011144448,13.2559659996
Above & Beyond,10.5512703355,14.0430222792
Absurd Minds,6.79667893737,-16.2861070693
Accessory,4.86971145592,-8.92207006517
Acid House Kings,-12.6696983969,-18.1744851071
Acylum,2.09809915263,-15.3185436589
Adam Lambert,0.818391615939,13.1058977575
Adam and the Ants,12.3950689362,-8.24335951125
Adema,-21.7064739217,-13.1847259742
Adymus,-10.5483810749,-18.6686027827
Aeon Spoke,-23.7404847449,-16.178831465
Aerosmith,-19.3044431026,12.336945558
Aesthetic Perfection,7.59616120685,-14.3240966062
Agent Steel,-10.4480166932,-18.5493930245
Agonoize,6.7595426176,-13.7743798219
Agressiva 69,-10.9563799422,-18.5983850945
Ahmet Kaya,-11.9859497798,-16.0264870482
Aina Sandoval,-10.1244243203,-16.7719902246
Air,1.81086006026,3.46062040946
Akira Yamaoka,15.8531620649,0.241073870725
Akon,-3.03408591371,11.0500278641
Akurat,10.8363179563,-10.0592655342
Alan Silvestri,17.4730088512,0.322148495168
Alan Wilder,4.73084715598,-1.93607174506
Alanis Morissette,-4.61057862737,16.2568488028
Alcazar,0.782151340519,-0.838667351736
Alesana,-16.6981832067,-8.19418389718
Alesha Dixon,-5.20550002562,16.9483536763
Alessandra Maestrini,-3.88797702856,19.4724023688
Alex Turner,-18.4476908394,6.43007445281
Alexander Rybak,-5.53719463438,14.1544752157
Alexandre Desplat,17.4737611621,0.322191271702
Alexi Murdoch,-11.2725928203,-10.9275638561
Alice in Chains,-23.4423655239,-15.8663430521
Alice in Videoland,-3.03169658037,-1.14707177196
Alien Sex Fiend,-7.42109347555,-18.6745344055
Alien Vampires,4.55173546299,-10.5759452684
All Time Low,-10.9071990503,-16.9728155349
Allison Iraheta,-5.36371232075,14.2962272279
Alpha Quadrant,-7.56732400869,-9.64808652182
Alphabeat,-3.99627855029,20.9769208678
Alphaville,11.7075239769,-11.5062192505
Aly & Fila,10.1786938693,13.8245481037
Amaral,-8.34906328292,-15.4489493311
Amaury Vassili,-8.40442433249,-11.5216049269
Amduscia,3.36537453343,-13.2797864604
Amon Amarth,-11.0561401932,-18.0672929422
Amon Tobin,-7.75086580151,0.831936166269
Amorphis,-1.38327564707,-14.8848674073
Amy Lee,-21.831723931,-16.4168043245
Amy Winehouse,-11.1685913818,-0.683720258784
Anathema,-9.56162137111,-19.964956878
And One,-5.3222034061,-2.98190602844
Andre Matos,-13.5485047515,-16.2292719749
Andrés Calamaro,0.766311286815,13.1187808934
Andy Fletcher,2.08720985325,-2.0278072727
Angel Dust,-20.1925573029,-9.45902334953
Angels & Agony,7.04616758624,-16.691730475
Angels & Airwaves,11.1539875496,4.41573177624
Angerfist,-10.7360072127,-15.5230945207
Angry Samoans,8.64080511647,-9.9782738153
Animal Collective,-8.38252531703,3.17068186281
Animals as Leaders,-10.6973129779,-17.9098836523
Anna Carina,-3.3579859616,17.1409027522
Anne Clark,11.5300004338,-9.82840202668
Annie,-1.25854965328,16.6610500411
Anorexia Nervosa,-8.39833094631,-11.5263781256
Antonio Vivaldi,18.4054905578,0.452941750367
Antonis Remos,-11.8746281427,-16.3305281388
Anya Marina,-10.8706756816,12.8836359328
Anything Box,5.60643362931,-2.58013983975
Apocalyptica,0.484162713729,-17.6033819328
Apoptygma Berzerk,-13.0220455813,-19.8383229871
Apparat,1.56913836638,4.2711493475
Arcade Fire,-10.6223017453,11.8017303603
Arctic Monkeys,-4.91569831224,-18.2446948182
Arcturus,-1.61510135972,-14.8767888924
Armand van Helden,0.11123466037,-6.74023799148
Armin van Buuren,9.78425158056,14.0419307528
Armor for Sleep,13.8275816115,4.71775790938
Arovane,-7.97725984378,2.62163406688
Art of Fighters,-10.74654906,-15.5427988407
Ash Ra Tempel,-23.8953761796,-15.633696703
Ashbury Heights,-3.71147294067,-2.15669465443
Ashlee Simpson,-1.36885496281,15.1613612974
Ashley Tisdale,-1.64416081707,17.9270890738
Assemblage 23,7.26208897696,-17.2737124293
Astral Projection,-11.4749332558,-14.1681314973
At the Drive-In,-18.2209110006,6.17762812676
Atomic Kitten,-1.58542720605,15.1084245769
Audio Bullys,-2.68592782023,5.42506457954
Audioslave,-9.07696721738,-7.90667566798
August Burns Red,-0.750486258424,-13.94064641
Aural Vampire,-4.78487127751,-3.20571941084
Autechre,-8.1029828102,1.01439488391
Automatic Loveletter,-18.0461003402,6.52073187192
Avril Lavigne,0.283279726038,13.5784668643
Axenstar,-12.9099955474,-18.1896440266
Ayria,5.41908942739,-17.3524607633
B! Machine,-4.32654550692,-3.43754628825
B-Movie,11.3807384884,-8.22838253922
B.o.B,-1.81433035287,6.6211889862
BT,9.68942594035,13.4819331587
BUCK-TICK,-14.7331643471,-15.6235347828
Babylonia,-4.87275216407,-3.29650861007
Babyshambles,-9.88882926794,12.3073988677
Backstreet Boys,-4.36620674637,19.4168716
Bamboo Forest,-11.4752402641,-14.1670836979
Band of Skulls,-17.2635130985,4.26249738964
Barón Rojo,-9.55589418501,-16.3264184189
Basshunter,3.46051725216,2.6116597501
Bat for Lashes,7.24862254099,7.01620005891
Bauhaus,10.5865792518,-8.34525458942
Beach House,-0.455074133861,-9.71099081781
Bear McCreary,17.473482858,0.3221672896
Beborn Beton,4.51970057249,-17.4783759382
Beirut,-10.4673303161,12.3720441805
Belanova,-2.98836821277,-10.2163770625
Belinda,-4.61052397976,16.2566947411
Belle and Sebastian,-0.742485411915,-10.1188606471
Ben Kweller,-6.69947269944,-15.4760707388
Ben Moody,-17.1193573988,-0.119785980893
Beyoncé,-12.3634028101,-19.0096053124
Biffy Clyro,-23.6459618816,-16.1870732593
Big Bad Voodoo Daddy,-6.21134394288,-20.755483318
Big Brotherz,-10.1621259167,4.93949231045
Big Dismal,-21.1594825239,-13.6605361264
Bill Evans,15.9287851096,-3.62963649369
Billy Idol,6.05017057796,-2.9569402727
Billy Talent,12.1052540626,4.11954372148
Biomechanical,-8.50015023977,-20.7117993554
Biosphere,-9.18362840362,4.92949690164
Bittencourt Project,-20.4190331967,-16.5622531691
Björk,9.86901770852,7.79671590533
Black Eyed Peas,-3.10112599945,11.4403688943
Black Kids,19.0172227619,-4.20491533439
Black Milk,-2.75353024637,6.65427535737
Black Rebel Motorcycle Club,-17.063233797,3.37202338288
Black Sabbath,-19.3041065148,12.337091597
Black Veil Brides,-20.8890883024,-17.614076982
Blank,6.79854078037,-16.2883624495
Blank & Jones,10.1244202393,13.197216338
Blaqk Audio,6.81152746092,-17.8692705174
Blind Passengers,-4.35192540611,-3.44052665887
Blindside,-20.4214175944,-15.7510880763
Bloc Party,-10.4054660371,11.7422415434
Blonde Redhead,-4.95220720566,-18.2748177515
Blondie,11.826682534,-7.8751506018
Bloodhound Gang,-17.2466595453,0.52340114066
Blue,0.756831638785,13.6761859107
Blue Planet Corporation,1.56771099066,3.18539000065
Blur,12.4975191523,6.01710725549
Blutengel,-5.19688306925,19.3552696162
Blutonium Boy,-5.54177864329,-10.1655243348
Bob Dylan,-18.358647272,12.7795532099
Bob Marley,-12.1926732118,-22.2564122145
Bola,-8.00380108596,0.70618963295
Bon Jovi,-20.0379234809,-15.4962160795
Bonanza Banzai,4.4461708441,-2.82718908794
Bond,-10.6988230034,-17.9096245383
Boris,19.6115464897,-3.86466775276
Brand New,-17.2784921298,4.10237705932
Brandon Flowers,-21.9111309177,-13.0386899033
Brandy,-11.7960480587,-20.0954393982
Breaking Benjamin,11.2155034758,4.08865969852
Brennan Heart,-9.65168059641,-22.6403816401
Brian Eno,13.5437378798,6.59122215411
Bright Eyes,-6.45204967735,-13.1502082833
Bring Me The Horizon,-10.4458302897,-18.5428040854
Britney Spears,-0.738694403568,16.2250000699
Broken Bells,-10.2611006536,13.0826600815
Brooklyn Bounce,8.50481318188,12.9290153089
Brooks & Dunn,-10.9522958404,-19.7291656151
Brown Eyed Girls,-11.4600617033,-1.52394757846
Bruce Dickinson,-14.2732578371,-18.6279047237
Bruderschaft,-4.97771016359,-7.54457943297
Bruno Mars,-1.6618712137,20.3259227588
Brygada Kryzys,-9.92576859507,-19.6885792726
Bubba Sparxxx,-10.3417578155,-20.3658050599
Buena Vista Social Club,15.9287144098,-3.62964270473
Bullet for My Valentine,-0.67983412721,-14.037067619
Butch Walker,-17.0506858358,3.14817119557
Butthole Surfers,-3.24485723775,-18.7750977878
CAKE,-18.2665387813,6.27888118109
CODE NAME: K1LL,3.78252049398,-12.6567632422
Cab Calloway,-6.19986999821,-20.7606078347
Café Del Mar,-6.61179187848,5.4770295029
Calabrese,-17.6239206415,-12.5203485701
Calvin Harris,1.40474430766,-1.6961641064
Canibus,-4.90691233541,-24.3706182065
Cannibal Ox,-6.05946709072,-24.7179318492
Cansei de Ser Sexy,-8.40355427701,12.5075838954
Carbon Based Lifeforms,-9.64415496029,4.45446518489
Carole King,-11.4464666411,-1.43743417421
Cary Brothers,-17.4028116977,4.18261089781
Cascada,7.31656440854,13.5622556157
Casino Versus Japan,-8.15258645627,3.27181717389
Cause & Effect,5.55431139891,-1.77067054608
Caustic,2.09970335232,-15.328455554
Celldweller,3.99238982405,-6.37407218863
Cesium:137,6.91862459797,-18.010803447
Chamillionaire,-1.81247249612,6.62122386958
Charles Mingus,15.9187353955,-3.64640047984
Charlie Parker,15.9194470166,-3.64658315519
Charon,-8.91153948373,-19.3601700481
Cher,-0.219851379412,0.158129763842
Cheryl Cole,-4.56713713665,20.3040794603
Chester Bennington,11.2636602163,4.7487068984
Chet Baker,15.9091741175,-3.64523299493
Chicane,-9.07449326856,5.32096468106
Chicks on Speed,-4.87673826977,-10.7040300544
Children Within,-4.66724559924,-3.35695254945
Children of Bodom,-14.3485913307,-18.4296742621
China Crisis,14.5228931002,-7.10412102591
Chingy,-2.13874646232,7.64172366151
Chino XL,-5.97078438764,-24.8241871659
Chris Botti,15.9194501254,-3.64601757162
Chris Brown,-2.12027965624,7.69308358293
Chris Clark,-1.45143990082,-2.74154323558
Christian Death,-7.76013446315,-18.7440661763
Christina Aguilera,-4.15206033722,19.7792974921
Chromeo,-1.68697615438,-6.2006865425
Chuck Berry,-19.3044431645,12.3369460912
Chylińska,-20.4020692702,-15.7503852399
Cinema Bizarre,-17.261711457,0.717254002929
Cinema Strange,-7.76663830084,-18.8347241415
City and Colour,-10.3467130409,12.3468882348
Claire Voyant,-6.59966692819,-17.1980409689
Clan of Xymox,0.919218916217,3.26914629048
Clap Your Hands Say Yeah,-8.39358824824,-17.3748263197
Clark,-8.15166265112,3.27144852882
Claude Debussy,-10.1004695796,-16.7137016157
Client,-4.45787882168,-15.5973436231
Clint Mansell,15.9962345019,0.244771554077
Closterkeller,-6.71932053462,-18.1724330785
Clutch,-11.0564359687,-18.0675968991
Cobra Starship,12.4975671289,6.0178686284
CocoRosie,-8.53086294991,12.525305515
Code 64,-5.01082430915,-7.52980909753
Coil,-10.6469850198,5.08033710489
Colby O'Donis,-17.9019618173,-4.89085002457
Cold,11.2714050975,4.21632214879
Coldplay,-9.1132548046,-8.10327486855
Colin Newman,11.4127012772,-10.6110819709
Colony 5,-12.8643386352,-16.8434510351
Coma,-18.3977789121,-0.0405081973911
Combichrist,3.98785357047,-9.3546725598
Composition Of Sound,4.77609002043,-1.88949479341
Cook Da Books,5.98385370156,-2.72805240632
Corona,-8.23435616683,-16.1081692762
Cosmic Gate,10.7277048861,13.2094411278
Cosmicity,-10.7908648772,-11.8842616615
Covenant,7.49233938081,-17.3994780126
Craig David,-1.66181959309,20.3258170308
Criss Angel,4.34187391158,-8.52460085027
Cryo,7.19794003075,-16.9301812857
Crystal Castles,3.81029636115,-0.0416121181672
Cujo,2.14399191716,3.45378751839
Culture Club,14.660641312,-7.07549693818
Culture Kultür,6.86661679295,-17.9634752627
CunninLynguists,-6.09247953358,-24.5284631815
Cut Copy,4.2096521914,12.6962161395
Cypress Hill,15.9895721946,6.70836736364
DIR EN GREY,-20.2439016563,-16.7734669937
DJ Krush,-14.584061799,-7.78908074088
DJ Shadow,15.5024902331,6.5236985324
DJ Sharpnel,-10.7322293016,-15.5480901884
DJ Vadim,-2.75682444259,6.69480778851
Daft Punk,3.63541927798,2.00955808973
Damon Albarn,4.1935475222,12.7139071921
Dannii Minogue,-1.20748301398,16.067579205
Danny Elfman,17.473470737,0.322167170692
Dark Phenomenon,4.41119369413,-2.93401504071
Darkstar,-5.68720968581,5.79938820157
Darren Hayes,-3.41957549622,22.0330344532
Darude,8.16394890759,12.9952263962
Das Pop,-3.80327642354,20.3048970049
Daughtry,-17.2664442987,-0.00516481231971
Dave Gahan,2.18606937265,3.67813739341
David Bowie,14.7876093701,4.92948384089
David Gray,-10.9564209859,-18.5984822007
David Guetta,0.149881585065,-6.73471620787
David Hodges,-9.13021870543,-8.09781908768
David Vendetta,0.111215961768,-6.74065990905
Dawn of Ashes,3.43294601013,-13.1441044439
De La Soul,-6.09260157692,-24.5282638767
De/Vision,-4.53054729874,-3.96732783073
Dead by April,-0.494317280003,-14.2412073673
Dead by Sunrise,11.2637269233,4.74846546775
Dead or Alive,14.6908685739,-7.07292218537
Dean Martin,-6.22381958265,-20.748675098
Death Cab for Cutie,-16.6855736751,3.74427682779
Decence,-5.16749821789,-4.45833617333
Decoded Feedback,4.34446226971,-8.6620261663
Deep Forest,-9.09946980935,4.51110733427
Def Leppard,-3.39616551639,-12.636456759
Deftones,11.9234142048,4.71637812203
Deine Lakaien,-4.78543413988,-3.20510371426
Del tha Funkee Homosapien,-6.06278237121,-24.7360200001
Delerium,9.15003919457,15.0180345269
Demented Are Go!,-17.0584964187,-11.8033172166
Denise Rosenthal,-11.9046994186,-18.8862234635
Depeche Mode,4.6916636217,-1.43127264341
Despoina Olympiou,-18.6286253847,1.08995397829
Destroid,6.79854423773,-16.2883448309
Destroyer,-10.4099371164,11.742063103
Deviant UK,4.34446219691,-8.66202615813
Devo,11.594148425,-8.3986772274
Diary of Dreams,-5.67938761612,-10.2642368888
Dick Dale,-2.47645962139,-19.8752099006
Dick Dale and His Del-Tones,-2.84950270616,-19.8260647995
Dido,2.2251665916,9.7698375044
Die Sektor,3.73737137427,-12.7189519047
Die So Fluid,-9.08366299211,-7.93257748909
Die Ärzte,-23.8789919461,-15.6207585319
Digital Summer,11.9471952858,4.10492720369
Digitalism,3.54775752086,2.13235355298
Diorama,4.58037969211,-17.4805939097
Dioxyde,3.73737266224,-12.7189642841
Dire Straits,-10.5723579767,-17.1611832197
Disfuncion Organica,6.09570836772,-15.1356703048
Diskonnekted,6.79853943085,-16.2883610715
Dismantled,6.79854108678,-16.2883618754
Dismember,-20.3801257492,-9.08105794317
Distance,-9.06523857972,-18.4862097798
Disturbed,-19.1683076244,-16.1245950101
Diyana,-5.15716999492,16.8364517687
Donkey Rollers,-9.66246874827,-22.5754285767
Donkeyboy,3.21423680999,9.051423045
Dope,-10.8315144268,-18.6479554086
Dope Stars Inc.,4.23624570675,-8.37498721352
Doppelganger,-6.69228609338,-18.1460883679
Dr. Dre,-3.29021196106,3.30584967059
Dr. Sin,-2.10169619378,-13.620033761
Dragonette,-11.316951917,-1.93066491253
Drake,-2.16664279622,7.32670536151
Dream Evil,-16.0949881907,-16.2628895317
Dream Theater,-16.0742226428,-16.6302489271
Drowning Pool,-1.56415953499,-13.4449567853
Drudkh,19.6242918912,-3.95918149122
Dubioza Kolektiv,-12.1997149176,-22.2688104745
Duffy,-8.675637428,12.8340109542
Duncan Dhu,11.7084164724,-11.4289021994
Duran Duran,11.8387025132,-7.82629375457
Dusty Springfield,-4.50796643531,16.4470471691
Dżem,-11.0559504309,-18.0670425388
E-Craft,4.34446223996,-8.66202620644
EPMD,-2.15138016832,6.17992452766
Eat Static,-11.4898080313,-14.114138173
Eat Your Make-Up,-10.9564561965,-18.59850532
Echo & The Bunnymen,11.5788156413,-8.37369049567
Echo Image,-5.27612154734,-4.57122932073
Edge of Dawn,4.4035192829,-17.4835373167
Editors,-17.3119435378,4.28924937166
Edvin Marton,18.405308163,0.447178050629
Edyta Górniak,-4.61052397623,16.2566944882
Einstürzende Neubauten,-9.81715106125,-4.38897520467
Eisley,-9.60116935121,-18.9241916487
Electric Light Orchestra,-19.1682776619,12.2910028461
Electric Universe,7.70003064555,11.0865600764
Electrocute,-11.3932689781,12.4061339272
Eleftheria Eleftheriou,-5.28346365063,14.3471734927
Elizabeth & The Catapult,-0.436158046457,-9.69188809997
Ella Fitzgerald,-11.4464677232,-1.43743431156
Ellie Goulding,-8.56626464601,12.5132953083
Elliott Smith,-11.2538932711,-10.9699174153
Elton John,-4.98212323857,20.430782085
Elvis Costello,14.6124610822,-7.09059348366
Emery,-16.6868187318,-8.20838780368
Emilie Autumn,14.2356494336,3.6979104989
Eminem,-1.37996786267,7.30765015416
Enigma,-9.25447917946,4.99343837467
Ennio Morricone,15.8516678107,0.247885240479
Enya,-10.6235053295,-17.745161755
Epica,-1.21842189506,-15.3100938104
Eric Prydz,8.19691541307,12.9980949459
Erik Hassle,2.20409616923,9.78764706729
Escape The Fate,-16.0692171914,-9.12115533151
Esplendor Geométrico,11.7096186309,-11.4816946949
Europe,-21.0049569111,-15.3552291397
Eurythmics,14.6069926126,-7.0956888949
Evading Downfall,-9.62857751567,-20.3045102279
Evan Taubenfeld,0.766383841886,13.1215084547
Evanescence,-18.617121187,1.09220510827
Everlast,-8.14226496628,-17.2719534345
Evil Masquerade,-12.3782763784,-18.1445222509
Evil's Toy,7.4647310786,-15.327286145
Evridiki,-19.7785374998,1.53568311605
Explosions in the Sky,-11.2554295465,-16.2726964399
Faderhead,-4.45124069155,-7.33879532823
Fairuz,-11.6835750349,-17.3771055986
Faith No More,-23.7388796803,-16.1791010753
Faith and the Muse,-6.57268221672,-17.2710291126
Fake,4.7671205771,-2.48601627905
Faktion,-21.351059561,-13.5092604469
Fall Out Boy,-21.9021978702,-16.3668609472
Fangoria,-4.5578815841,-2.71877333016
Fear Factory,0.377711174021,-12.5670271283
Feindflug,2.0949880381,-15.3327298955
Felix da Housecat,-4.56365708077,-15.1967753102
Fennesz,-10.1127223314,-17.7228578252
Fergie,-1.33516072278,19.0010149922
Ferry Corsten,7.95179697661,11.9142668987
Fever Ray,-10.4621388145,3.70755170634
Fey,-12.7861245597,-18.9118260191
Fightstar,-21.737765201,-13.241907409
Filter,-12.7534073491,-15.6521243457
Final Selection,-4.98360211319,-7.55228005372
Finch,13.8282756232,4.78435177683
Fischerspooner,-4.37048405123,-14.7499043833
Flagelo Urbano,-11.0559526678,-18.0671000591
Flamin' Groovies,-9.12185689403,-10.2948696751
Fleet Foxes,-10.3467134016,12.3468876696
Fleetwood Mac,-3.81062767928,20.2926412956
Flesh Field,7.5961827742,-14.3241047066
Florence + the Machine,-0.447983360146,-9.66869071498
Flotsam and Jetsam,-20.3834672249,-9.05794227047
Fluke,3.5974425627,2.28389611179
Flunk,-14.5840617272,-7.78908072343
Flying Lotus,-14.5666173614,-7.77586575917
Flyleaf,-16.9492741364,1.10938614738
Foals,-18.3314098166,6.19057640539
Foo Fighters,-21.3127198796,-13.244750669
Fort Minor,-1.81189103168,6.61090536787
Four Tet,-8.10298288072,1.01439491827
Fragma,9.44154040393,14.0118792862
Frank Sinatra,15.604034248,-3.63920934134
Frank Zappa,-13.1607028408,-12.6965906374
Frantic Flintstones,-17.606572066,-12.4908996298
Franz Ferdinand,12.4972127086,6.01799026193
Freddie Mercury,1.07793330568,12.5922707045
Freemasons,7.56476439364,13.3429233521
Fresno,-18.3419143263,0.95977402057
Front 242,8.31664095425,-16.6284347472
Front Line Assembly,4.21006841201,-8.93939749457
Frozen Plasma,-4.983599375,-7.5522748748
Frédéric Chopin,-10.0616368813,-16.6248274721
Fuel,-17.449984073,0.536367791499
Fugazi,-10.8618306153,12.5071761995
Fukkk Offf,-0.531685707299,-6.54053394716
Funeral for a Friend,-16.6937403159,-8.20150498352
Funker Vogt,-5.50018813588,-10.1049370962
GACKT,-14.8919016931,-14.3045199645
GD&TOP,-10.4622687736,-18.60679188
Galneryus,-16.0949879042,-16.2628899058
Gang Starr,-1.98230066938,4.24696904033
Garbage,-18.3419168863,0.959771910787
Gavin DeGraw,-6.72790440069,-15.5023144514
Gavin Rossdale,-17.4006060724,0.643624585614
Genesis,-23.7188205273,-16.1821118226
Geri Halliwell,-2.41801535317,16.0103734682
Gin Blossoms,12.4975889101,6.01787028481
Giorgos Papadopoulos,15.05856121,4.98672795962
Girls Aloud,-4.65785760083,20.334707748
Glee Cast,-10.4139014771,-18.1783946347
Glis,7.16696408626,-16.9397911805
Gnarls Barkley,13.7376833217,5.66829587081
God Is an Astronaut,-9.50313730051,5.79804426832
God Module,6.7985410979,-16.2883618833
Godflesh,4.34446222789,-8.66202621056
Godsmack,-18.6314456982,-15.5445143519
Gogol Bordello,-11.8628149414,-21.5338969558
Goldfinger,10.787515995,-10.2248189218
Goldfrapp,9.28605409539,8.3891755427
Goo Goo Dolls,11.6313960869,5.33901727537
Good Charlotte,-20.6033783116,-16.5929552683
Gorillaz,-17.3263576979,5.40535733313
Gosia Andrzejewicz,-3.29165554242,16.0087176483
Green Day,-13.8685030611,-10.0142522704
Gregorian,-9.07055672281,4.56976001388
Grendel,4.58051931875,-10.6492891616
Grey Daze,-17.185257673,0.450355373096
Groove Armada,3.51033463144,2.13775922675
Groove Coverage,8.76671219366,13.2060458121
Grossstadtgeflüster,-4.56365967604,-15.1967838857
Guano Apes,-17.8478225954,-0.261119637357
Guf,-2.75682438437,6.6948078605
Guru Josh Project,-11.0558439348,-18.0669884042
Gwen Stefani,-3.39193130159,16.0761463417
HIM,-22.9519487795,-15.832901541
HYDE,-14.8917609356,-14.304510572
Hallucinogen,-11.4761471338,-14.1815227183
Hammock,-9.07055629537,4.56976010873
Hande Yener,-11.4464677217,-1.43743431312
Hangar,-14.6209105676,-17.3283083909
Hard-Fi,-9.36178372822,-17.1929814559
Harel Skaat,-4.18680469938,19.1741480636
Haris Alexiou,-11.2228908408,-2.37663610104
"Harry Connick, Jr.",-6.21134395913,-20.755483315
Hasil Adkins,-14.3313147389,-10.2673692973
Haujobb,6.79854106124,-16.2883624183
Hawthorne Heights,-22.6849949731,-16.4752965107
Hayden Panettiere,-3.42075399737,22.0448258804
Hayley Williams,14.1311459421,7.38129557891
Headhunterz,-9.66246881029,-22.5754286764
Headscan,3.9620381544,-9.08898662911
Heaven 17,11.3065542822,-8.09275746155
Heidi Montag,-13.7647703612,-19.9739220857
Heimataerde,3.73737265455,-12.7189642817
Helalyn Flowers,-12.8153305918,-15.8188211021
Helios,-5.68531118469,5.88437001486
Herbie Hancock,15.0045141396,-3.44912680265
Hevia,18.8110188398,0.480649888243
Hex Rx,3.68954345803,-12.8063572518
Hibria,-13.3061242599,-17.7642436835
Hieroglyphics,-6.09333669185,-24.531176592
Hilary Duff,0.805363874604,13.5924765492
Hinder,-18.2762588111,-0.247766608607
Hirax,-20.3834672285,-9.05794226486
Hocico,6.39245326182,-13.8100475397
Holly Brook,-3.6060768683,19.1122187893
Holly Golightly,-2.18308052733,-18.8078869711
Holly Valance,-3.42066640423,22.0454052627
Hollywood Undead,-3.36356018996,3.10354634539
Hombres G,-9.45239902963,-16.1944606679
Hoobastank,-21.9111333054,-13.0386899402
Hot Chip,-2.87341485393,-10.2440630021
Hubert Kah,5.39601338394,-2.27380001135
Hungry Lucy,-5.09985913664,-3.26409825858
Hurricane Bells,-17.2379165482,4.01973676541
Hurts,9.67782291429,8.08754323071
I Am Ghost,-16.7129156081,-8.17422026359
I Set My Friends On Fire,-16.713846941,-8.1728361811
IAMX,10.4542731835,7.96112560397
INXS,-20.8006314838,-19.2923608939
IRA,-9.12185687421,-10.2948699045
ISAN,-9.0705562569,4.56976011927
Ian Van Dahl,8.19578830295,13.0395156875
Ice Ages,0.857233064164,3.19932816473
Icon of Coil,7.23943225046,-17.2462012539
Idiot Pilot,-10.5765187935,12.3605960414
Iggy Pop,-11.1054471974,-11.2566585388
Il Divo,-9.79958139499,-15.0271946527
Ill Niño,-0.811190790939,-13.816575947
Illusion of Light,-5.22628013267,-4.48787443213
Imogen Heap,-8.5816977556,12.5425054433
Imperative Reaction,6.80850011971,-17.9105097625
In Flames,-0.908030330846,-14.3444839914
In Strict Confidence,6.42078773882,-16.7010630799
In[Perfektion],3.03666013945,-12.2260831546
Inara George,-6.42463467829,-13.1308686434
Incubus,-18.388478435,-0.115824920551
Infected Mushroom,9.95191117231,14.4782522092
Information Society,11.380834131,-8.22802415103
Inline.seX.Terror,4.65003221157,-10.288494149
Inna,-0.63224899612,17.1292263257
Interpol,12.4975485859,6.01786900491
Iron Maiden,-2.24800159469,-13.7005287844
Isis,-10.9564366312,-18.5984732098
Ivi Adamou,-1.76891869525,20.2101012751
Ja Rule,-2.02769855316,6.45434689266
Jack Off Jill,-11.4464677085,-1.43743431244
Jadakiss,-2.2860691939,6.813311912
James Blunt,-3.17744544519,21.6831596605
James Newton Howard,17.4734699108,0.322167168717
Jamie Cullum,14.7549101147,-3.2594425783
Jamiroquai,-12.3265008891,-17.4431293026
Janaynna Targino,-3.73640667303,20.2159386339
Jane Air,12.497174656,6.01798919659
Jane's Addiction,-16.1174089514,-0.00412939866769
Janis Joplin,-6.72790431918,-15.5023144507
Japan,11.4131571613,-8.45039046377
Jason Derülo,-1.66185424397,20.3258881796
Jason Walker,3.5553202972,2.66535596079
Javiera Mena,-10.9077399229,12.5105622596
Jay Brannan,0.111215961417,-6.74065991016
Jay Park,-10.9564710291,-18.5985280461
Jay-Z,-1.81247263624,6.62122381383
Jay-Z and Linkin Park,16.0544244019,6.7383902651
Jedi Mind Tricks,-5.97065668724,-24.8238381377
Jeff Buckley,-6.43037451972,-13.13165619
Jem,-15.5810890892,4.36491610873
Jennifer Lopez,-0.582646396071,15.416925305
Jeremih,-17.9151438131,-4.89412021176
Jesse McCartney,-1.60451353402,20.3597346192
Jessica Simpson,-1.25423302007,14.2332993082
Jessy Matador,-2.1025883419,17.9513371787
Jesu,-9.43727857562,4.76140724093
Jet,-23.6870866393,-16.1854612329
Jewel,-4.42110342864,16.3680333776
Jimi Hendrix,-19.1328438174,12.2957363022
Jimmy Eat World,12.4975952732,6.01787069712
JoJo,-17.9152384115,-4.89412079332
Joe Jackson,14.6606450687,-7.07550274318
Joe Satriani,-22.0427323552,-16.471517254
Johan Agebjörn,3.9506956862,-0.211822899646
Johann Sebastian Bach,-5.97634888949,-11.7256081413
John Coltrane,15.9193736765,-3.64597566504
John Lennon,-6.72790440861,-15.502314507
John Petrucci & Jordan Rudess,18.4053077191,0.44717721051
Johnny Cash,-18.4382500511,12.6251037601
Jon Brion,-10.5551507269,13.6485326804
Josh Groban,-9.79955166392,-15.0275788882
Joy Division,11.439375088,-8.61377681189
Junior Boys,2.05004254581,-0.402195586099
Junior Caldera,1.11819998263,-1.29152441363
Junior Senior,-0.248715165191,-3.9135022101
Junkie XL,1.84374261641,3.33687647456
Juno Reactor,-6.07615788364,5.66027759265
Just Jack,-3.1898917805,12.3854986017
Justice,2.0492410991,2.4249347837
Justin Bieber,-1.32106699387,20.2440119168
Justin Timberlake,-3.35320624295,21.5535155145
Jónsi,7.10429424622,7.06808438159
K.I.Z.,2.19795362364,3.55201623677
KAT-TUN,-11.6904771258,-12.8592159522
KMFDM,3.97301380891,-6.36793946871
KT Tunstall,-9.78051761671,-14.9503383249
Kaiser Chiefs,13.5291979193,5.84833328501
Kaizers Orchestra,-14.1332311119,-18.5883937446
Kalomoira,-17.9234845752,-4.90575685011
Kamelot,-0.750486258212,-13.9406463819
Kanye West,-2.139313779,7.63189024413
Karl Wolf,-17.9231613265,-4.91335732807
Katatonia,-16.0949874434,-16.2628899856
Kate Bush,-11.3001062026,-2.07884333989
Kate Nash,-10.4963489509,12.3436039997
Katie Melua,-0.0132820902512,-0.0822735092121
Katy Perry,-3.33207351846,20.8419809895
Ke$ha,-0.678081316602,17.3664863991
Keane,-6.41779806467,-13.2417590499
Keith Urban,-20.9421079527,-16.5044219083
Kelly Clarkson,-4.53544700363,16.0086725393
Kent,-2.98812689108,-10.2186159067
Kerli,-0.594746087065,13.3059250755
Kettel,-8.10298299037,1.01439487165
Kid Cudi,-1.81247287397,6.62122372318
Kids of 88,9.37362791974,8.0098455736
Kill Hannah,8.43874252623,6.12824923431
Killing Joke,-9.02459272868,-19.1107802693
Killswitch Engage,-19.2791467218,-16.3711632622
KinKi Kids,-11.6904769758,-12.8592165341
Kings of Convenience,-0.455074133956,-9.710990872
Kittie,-12.963178977,-20.6655258122
Klein & Mbo,9.70598513906,-6.30792971851
Kool G Rap,-6.09235690633,-24.5288887781
Korn,-15.6351336107,-1.18467559487
Kostas Martakis,-2.98861584415,-10.2186024237
Kreator,-20.3834674346,-9.05794226174
Kristinia DeBarge,-17.9152384202,-4.89412079713
Krypteria,-16.0949890603,-16.2628899866
Kuervos del Sur,-10.149893599,-13.334469624
Kyau vs. Albert,10.6918990006,13.1581129938
Kylie Minogue,-1.24881860204,15.8293756612
L'Arc~en~Ciel,-14.891760338,-14.3045106057
L'Âme Immortelle,-4.68362597909,19.587141708
LAREINE,15.8303905067,-21.6633113443
LUNA SEA,-14.8917606667,-14.3045105926
La Roux,-4.58565636774,-2.1543442946
LaFee,-5.25924188507,21.0494376384
Lacrimosa,-5.7687201862,-10.655268043
Lacuna Coil,-1.01729930133,-15.1022176024
Lady Gaga,-0.993968373099,16.9847311612
Ladytron,4.1374597577,-1.97576345876
Laibach,-11.3383365555,-19.7936679292
Laith Al-Deen,-5.53874797189,-10.2561346947
Lara Fabian,-8.39361193732,-11.5052931535
Lard,-10.8107617506,-20.3187794663
Lasgo,9.83808359752,14.111384767
Le Tigre,4.20588816526,12.7281604864
Lena,-10.2611044109,13.0826589942
Lenny Kravitz,-3.78498483976,20.3218648721
Leona Lewis,-11.8446316319,-18.5151068013
Les Anges De La Nuit,-5.08563512406,-7.56415383544
Lily Allen,-4.44311863781,16.3732776476
Limp Bizkit,14.251654266,5.35248460515
Lindsay Lohan,-0.699842842258,15.3700933564
Lindsey Buckingham,1.14528611892,12.4601995391
Linkin Park,10.0656221047,3.57553951742
Liquid Divine,-4.78058048091,-8.85245396433
Little Joy,14.7917151869,6.28249673076
Lo-Fi-Fnk,-3.00726005054,-10.2214211318
Local Natives,-10.4823753092,12.4954347517
Lola Angst,7.60411134217,-16.4868554793
London After Midnight,-6.42922024711,-18.0543798864
Lone,-8.15167168442,3.27111801017
Lonestar,16.357499426,-22.3581558176
Long Tall Texans,-17.5877015939,-12.5021480579
Loose Ends,-2.1317615616,-20.4495329558
Los Auténticos Decadentes,-9.12185682718,-10.2948698292
Los Concorde,-18.2209130913,6.17762721415
Los Fresones Rebeldes,-8.28837108479,-16.0234622157
Los Jaivas,-13.1584020872,-12.6923656044
Loscil,-9.4911461734,4.76107877739
Lost Signal,-5.14232310745,-7.57987037668
Lostprophets,-16.1298157799,0.790655166325
Lowe,-4.69676454556,-3.16232338482
Ludwig van Beethoven,18.5807359325,0.445653534685
Lumen,12.4974160542,6.01798299049
Luna,-8.34922570574,-15.3653386004
Lupe Fiasco,-1.81247255316,6.62122384966
Lykke Li,-1.57023358192,16.3166570812
M. Pokora,-2.38322837175,20.6704197572
M.I.A.,-2.75682537437,6.69480865104
M83,-8.10298293187,1.01439497438
MALICE MIZER,-11.8295969675,-19.5101757028
MF DOOM,-1.9913596241,4.33047538547
MSTRKRFT,2.02111141759,2.07158069916
Mad Sin,-17.5434602835,-12.4887951159
Madeleine Peyroux,15.9186753367,-3.64635045104
Madness,14.4855689467,-7.14453101166
Madonna,-1.49749635214,16.901845313
Magazine,11.8274266808,-7.87600767734
Magnitophono,-8.40283347777,-0.602319208267
Mando,-14.5780778451,2.4607108737
Mandy Moore,-1.90603168244,14.3584771226
Manekinekod,-9.87137837308,-4.22126868604
Manu Chao,-12.1237989545,-22.1152910188
Manufactura,4.34446225293,-8.66202620835
Maria Daniela Y Su Sonido Lasser,-2.99159209271,-10.2206709603
Mariah Carey,-17.9152384426,-4.89412080944
Marie Serneholt,-2.5701728277,16.6325260419
Marilyn Manson,-13.0624376896,-15.8937352085
Marilyn Monroe,-11.1670863741,-0.694003620135
Marina & the Diamonds,-8.56626547877,12.5132951731
Mark Lanegan,-23.7007550775,-16.1842345521
Mark Ronson,-3.26479556699,12.2914051677
Markus Schulz,10.1368335297,13.1573037744
Maroon 5,-14.7255934205,2.27644319562
Marsheaux,-4.3268832473,-3.4386028546
Martin Solveig,1.76850658691,2.63217424723
Mary Elizabeth McGlynn,15.8516678136,0.24788524116
Mary J. Blige,14.1246451612,7.23877030917
Massari,14.5361348608,-22.151064725
Massive Attack,2.9489207344,3.36762191106
Masta Ace,-6.09235254991,-24.528853939
Master Tempo,-2.19109613237,7.65833069133
Matanza,-13.6099259455,-16.1805371463
Matt & Kim,-9.88914805426,12.3090003487
Maxwell,-17.9079003571,-4.89728904756
Mecano,11.480166768,-9.33253336325
Megadeth,-0.375851985451,-14.362030848
Mekong Delta,-8.46063715485,-20.7769879049
Melotron,-6.64588434963,19.6677886853
Melt-Banana,19.6191395896,-3.89121359935
Men at Work,12.3943890546,-8.24103856186
Menomena,-6.87089942713,-13.268454823
Merzbow,19.6242918941,-3.95918156511
Mesh,-4.38870596655,-3.39825134675
Messer Chups,-2.54388885896,-18.9665337491
Metallica,-19.3413571175,-16.0737893862
Method Man,-6.09235427991,-24.5288595169
Metro Station,-10.4549080868,-18.124113108
Metronomy,-9.81604094824,-4.38364103718
Mew,11.2664770142,4.7486400592
Michael Jackson,-3.82556894363,20.3608238916
Michigan,-4.3269456639,-3.43868036763
Mike Oldfield,18.6991109132,0.487178835998
Mike Patton,19.5897925518,-3.68523129011
Miles Davis,15.9194516295,-3.64601784449
Mindless Faith,7.63354122236,-14.308494727
Mindless Self Indulgence,14.1843172174,3.69023867863
Minerve,-5.07858848652,-4.91926346867
Ministry of Sound,-14.5864668801,-7.78204147403
Miranda Cosgrove,-4.40435223343,16.0171815548
Misfits,-17.5877001075,-12.5021480493
Miss Construction,-5.22911016175,19.2213703075
Miss Kittin,-4.77289676526,-15.1104211152
Missing Persons,12.3862915362,-7.93827894
Moby,2.2802385283,4.32398462263
Mocca,-10.451700099,13.1618630345
Modest Mouse,-8.09520846405,-13.4821701648
Modà,-21.9111332744,-13.0386909683
Monica,-12.5438317599,-1.76826020417
Monrose,-5.42623742377,20.5198995714
Monster Magnet,-23.7575103882,-16.175690265
Morbid Angel,-0.225365804779,-3.97780260895
Morcheeba,-14.5817009888,-7.75638204771
Morphine,-22.17457262,-16.8419951576
Morrissey,15.3719338637,4.86576149506
Mos Def,-5.97078504054,-24.8241855213
Motel,12.4971907132,6.01798868055
Motörhead,10.6851577338,-8.13301574811
Mr. Bungle,19.6242918788,-3.95918153046
Mr. Oizo,-1.05767423498,-5.15145057174
Mr.Children,-23.7575244934,-16.1756870184
Mudvayne,-19.0494763862,-16.3715564882
Muse,-16.7492789802,2.34216844792
My Bloody Valentine,19.6191395037,-3.89121359525
My Chemical Romance,-19.1666463395,0.237629259431
Myslovitz,-18.361215305,-0.01070607236
N.W.A,-6.09633563132,-24.5230876827
NEWS,15.17455552,-21.2765375682
NPR,-10.4142270075,-18.1778247592
Nachtmahr,-6.30410990606,19.0582299943
Nadja Benaissa,-11.2060544032,-2.44763140219
Najwa Karam,15.5975795035,-21.6314310616
Nas,-5.97078447134,-24.8241811712
Natalie Imbruglia,-4.61057873244,16.2568487099
Ne-Yo,-2.3642970806,7.87749216912
Negative Format,2.31350809119,-11.1503525683
Neil Young,-18.5566378411,12.6067571711
Nekromantix,-17.5882380286,-12.5018970333
Netsky,-8.64073395847,-18.4968378094
Neuroticfish,-5.50612279317,-10.1281480165
Nevermore,-20.0839755846,-9.725017022
New Kids on the Block,-2.71073490197,21.7879420058
New Order,11.7024934222,-7.25936292482
Nick Carter,11.7914981054,-11.9364290982
Nickelback,-16.7636448797,-0.931527233251
Nightwish,-1.18586985757,-15.1613077902
Nikolas Metaxas,-18.9462106404,1.25653267426
Nine Inch Nails,4.08726934345,-7.10000271402
Nirvana,15.720700932,4.26649869015
Nitzer Ebb,6.95641427504,-3.97392313076
No Angels,-4.25458759652,16.9354186651
No-Man,-5.68339348975,5.77265489965
Noctura,-16.5432490312,-0.320426807707
Noir Désir,-22.4580433688,-18.465663126
Noisecontrollers,-9.66246877984,-22.575428581
Noisettes,-9.88890973695,12.3131338448
Noisuf-X,4.2298229026,-8.92727615209
Novaspace,7.88225215097,12.8824626188
Noycetm,-5.07512832245,-4.81569089233
Nurzery [Rhymes],3.33510017409,-13.2950897175
O-Zone,14.5863475877,-22.0401754928
O.N.A.,-20.4227611684,-15.7612813804
OK Go,-17.0630210443,3.35397095575
Oasis,-17.2444412402,4.55453178266
OceanLab,9.85993949788,13.6406836026
Ochre,-8.15167170119,3.27111800974
Oh No Oh My,-7.0322791565,-13.4306866386
Oingo Boingo,12.435144398,-8.3364440754
Olivia,15.0341133928,-22.2441214877
Omar A. Rodriguez-Lopez,15.4241031751,-3.44750971407
OneRepublic,-17.3086119923,0.60602890872
Oomph!,-22.829096553,-16.8894928258
Opeth,-15.7750264711,-17.3730337254
Orange Sector,6.79854112098,-16.2883619066
Orgy,-11.4738528729,-17.3430630296
Os Catalépticos,-17.6363707841,-12.520324356
Owl City,4.22986446382,12.6709827578
Ozzy Osbourne,-1.58363783035,-13.4556659068
P!nk,0.768331777677,13.1081226942
P.O.D.,-16.9499625034,0.333722715413
P24,-5.190915626,-8.73213966262
Pac Div,-2.17039598643,6.00157544945
Pain,-10.7903842325,-20.8868813403
Panda Bear,-7.96632505195,0.450558820895
Panic! At the Disco,-9.07990932504,-7.91898678605
Panzer AG,7.59618277018,-14.3241046854
Paolo Meneguzzi,-3.80522410791,20.2854222537
Papa Roach,11.9748981664,4.15476336048
Paradise Lost,-1.41267225807,-15.2676057954
Paradiso Girls,-3.57294067683,20.3220294975
Paramore,13.7206282663,5.66575693488
Paris Hilton,-4.38879131849,18.6460521047
Parálisis Permanente,-8.41020904972,-15.1086828785
Pat Metheny,15.9194516529,-3.64601756461
Patrick Wolf,-11.3238830274,-10.9126294985
Paul McCartney,-21.9134931113,-15.6835482949
Paul Oakenfold,9.68941899423,13.4818534353
Paul Wall,-10.4951753707,-19.7555131861
Paul van Dyk,7.88653355511,11.1194838516
Paula DeAnda,15.0234913203,-22.1385328948
Paulina Rubio,-3.41983651559,17.1665435274
Peaches,-4.56897381904,-15.2054784283
Pearl Jam,-10.1441070629,-13.3404363336
Peggy Lee,-6.22381958391,-20.7486751116
Pendulum,-0.206531288788,-4.00495593313
Perfidious Words,-4.32694585868,-3.43868034534
Pet Shop Boys,6.06138114139,-2.48536200852
Peter Murphy,5.95641721089,-2.51819022388
Phil Collins,15.1899006959,-22.2845980792
Philippe Lamy,-10.2034749255,4.95108861044
Phoenix,-0.407188290457,-4.26998047549
Pink Floyd,-18.8274143676,12.0072630717
Pitchshifter,3.988046997,-6.39738150541
Pitty,-23.8714517685,-15.6151665816
Pixies,-17.2218430358,4.04697171507
Placebo,-16.6547748101,2.77438202652
Plaid,-9.4371781668,4.7618166188
Planet Funk,2.18403426449,3.67865642612
Pleq,-8.52659457833,-0.752569728633
Pleq & Segue,-10.2394466624,4.95382694641
Plumb,-18.5138872644,1.02529376577
Poets of the Fall,11.2667177099,4.74863845247
Polysics,-10.4012563715,-17.4576159742
Porcelain and the Tramps,13.6841328061,5.67367126883
Porcupine Tree,-13.1734337546,-12.6853191454
Portishead,-14.5895588508,-7.79896869137
Preemptive Strike 0.1,6.13333589312,-15.1603679473
Prefuse 73,-5.41953195123,2.29125452026
Pride and Fall,-12.5413666891,-19.5050254573
Primal Scream,-2.22885774893,-6.78431723887
Proem,-8.15258646514,3.27181717236
Project Pitchfork,7.62017524148,-14.3262070804
Prong,-20.2684130525,-9.32331447815
Provision,4.53303400947,-1.43159556299
Proyecto Crisis,3.67316649849,-12.8556329141
Psyclon Nine,4.61543208202,-9.80820667574
Public Enemy,-5.49860600133,-24.5067676173
Puddle of Mudd,14.9767691326,-22.7030081393
Pulsedriver,9.68941749822,13.4818603427
Putilatex,-4.56365969161,-15.196783887
Pzychobitch,6.79854106012,-16.2883624381
Queen,-3.36602059152,-12.6533026519
RBD,-4.29624042761,18.8298833572
RENTRER EN SOI,14.861915354,-22.5244887126
Ra Ra Riot,-18.081389245,6.40028673054
Rachel Stevens,-3.42066766483,22.0454044998
Radiohead,9.64980172097,7.60479182212
Raekwon,-2.75682516923,6.69480765421
Rainbow,-19.3041065608,12.3370914029
Raindancer,-3.267517445,-1.39506809229
Rammstein,-18.5438647845,-16.703511886
Rank 1,9.68941632406,13.4818603751
Rascal Flatts,-3.78157262811,20.2981690753
Ratatat,-10.0871892175,10.879377362
Raul Seixas,-23.6606890427,-16.1868658977
Razed in Black,7.59618277368,-14.3241046972
Reamonn,-23.7020648255,-16.184099899
Reaper,4.34446223278,-8.66202621622
Recoil,-6.35824477093,5.14659897658
Red,-21.2113211584,-13.6394695667
Red Flag,4.43754112419,-2.8210470145
Remi Bandali,14.7638381594,-22.6566734904
Rezurex,-17.5882681789,-12.5018858144
Richard Devine,-10.4139900688,-18.1782400641
Rick Astley,-10.4138529546,-18.1770959573
Ricky Martin,-1.63595981929,17.9639177934
Rie fu,15.2696558898,-21.2720926496
Rihanna,-1.44060969421,18.3350152157
Rise Against,-20.5846537522,-16.5870400076
Robbie Williams,-3.81749827326,20.4720539478
Robert Miles,7.2212962117,11.3303600438
Robert Pattinson,-11.2948802347,-10.8849982921
Robots in Disguise,14.8921591449,5.43813212635
Ronski Speed,10.6368030068,13.1840397449
Rotersand,6.67122829289,-18.2591846445
Roxette,-4.34359511639,21.2096660907
Roxy Music,14.8953772644,-6.97183136214
Roy Orbison,-18.3621287247,12.0286769293
Royal Hunt,16.3632664353,-22.0533680646
Run Level Zero,6.79854113894,-16.2883618918
Runner Runner,-11.0563916778,-18.067551527
Rush,-13.189742365,-12.6745614999
Ryan Adams,-23.2677978165,-14.7535924216
Róisín Murphy,0.0645287645598,-0.135376017532
Röyksopp,-14.5695614597,-7.73741840091
SADS,-14.8917606781,-14.3045105838
Sabaton,-10.4139358623,-18.1783329073
Sadie,-14.7331637167,-15.6235348442
Safri Duo,7.53368376967,11.4670999328
Saliva,16.1166423872,-22.1541186224
Sally Shapiro,5.48038720935,-2.48068006629
Samael,-0.750486257723,-13.9406463883
Sami Yusuf,15.2881842661,-22.3775142712
Samsas Traum,-4.95546301694,19.5062349598
Sander van Doorn,9.78757808904,14.0873028974
Sandy,0.816616522981,13.1013270766
Santa Hates You,7.62979805929,-16.2100915403
Saosin,-16.7048241693,-8.18394590489
Sarah Connor,-5.37931141839,21.1810212944
Sasha,-10.4480152702,-18.5493928424
Saul Williams,-5.97078535055,-24.8241841221
Savage Garden,-3.42075408822,22.0448261773
Savatage,-14.4915629376,-17.6810275509
Saybia,-23.7218255282,-16.1817038882
Scary Kids Scaring Kids,-20.902212907,-17.5645927325
Schandmaul,-12.718961154,-14.4907035866
Schelmish,-12.7504478873,-14.4273176405
Scissor Sisters,-1.64674154185,17.9293652989
Scooter,7.45915868629,11.4483687837
Scorn,4.34446221059,-8.66202620328
Scorpions,-19.3041065627,12.3370924098
Sea Wolf,7.64927120604,6.87679942818
Seabound,-4.68936990296,-4.64270390279
Sebastian,-1.69699067525,-6.23416125081
See-Saw,15.1745553218,-21.2765382639
Seether,-16.9117020795,-0.265170510109
Seether (Feat. Amy Lee),14.7375165883,-22.6461138342
Segue,-6.65413801089,5.42348403482
Seize,2.18396433624,3.67860525415
Senses Fail,-21.017551083,-17.5085471874
Sentenced,-15.7995482292,-17.7446442465
September,-0.53284197144,17.1418602867
Sepultura,-0.90320972112,-14.3310544187
Serge Gainsbourg,-3.19031754184,20.4077394194
Serj Tankian,11.6432289272,3.75335257623
Sero.Overdose,-5.17543491886,-8.68122891332
Sex Pistols,-22.5295759128,-18.4513322055
Shaaman,-14.348554202,-17.997351126
Shakira,1.13165808824,12.6284579202
Shayne Ward,14.6044898233,-22.0140451321
She & Him,-8.56626475823,12.5132954266
She Wants Revenge,-9.75067043779,-18.50654644
Sheryl Crow,-4.61057859136,16.256848778
Shimon Masato,-10.9013138258,-18.6470203822
Shiny Toy Guns,4.26557788925,12.722261791
Showtek,-9.66246878451,-22.5754285844
Shpongle,-9.07055628062,4.56978931225
Sigue Sigue Sputnik,1.81991718167,3.32528493057
Sigur Rós,-11.3051918325,-16.1592488667
Silbermond,-13.5705221421,-16.2048287914
Silverstein,-16.6634621512,-8.24016628053
Silversun Pickups,-17.2884089765,4.12054311376
Simian Mobile Disco,3.54563222774,2.03712013511
Simple Minds,10.7470703798,-8.16265503041
Simple Plan,14.6397895283,-22.4336925938
Sinamore,14.6620014556,-21.9415254327
Siouxsie and the Banshees,11.4235930431,-8.63988507452
Sixpence None the Richer,-14.6072310601,2.43927236707
Ska-P,11.0857856548,-9.22093149925
Skank,-23.4105512558,-15.6926444061
Skeletal Family,-7.1383662347,-18.5221555887
Skillet,-16.2335866844,0.553660929502
Sky Ferreira,-0.331732217077,17.2627338207
Slagsmålsklubben,13.7045226875,5.96329996118
Slash,-21.0571266633,-15.2948943998
Slayer,-0.750486257717,-13.940646358
Sleetgrout,3.71640985832,-12.7525748064
Slipknot,-18.8830354144,-16.445356289
Sloe Texture,-8.00338836989,0.593236011729
Slum Village,-5.97078503328,-24.8241849193
Small Faces,-2.39817815234,-20.6479338891
Smile Empty Soul,-17.4499840641,0.536367886091
Snow Patrol,-17.7994974198,4.03138360618
Sodom,-20.5766522384,-9.03568614164
Sohodolls,4.20200394017,12.7224199327
Solar Fake,-4.32694594306,-3.43868029678
Solar Stone,9.86029875564,14.4066696452
Soman,-9.75762069351,-19.4075480998
Sonic Youth,19.7064261132,-3.73661678307
Sonique,0.884694288873,-0.890959133895
Sophie Ellis-Bextor,-1.51002922362,17.989404839
Soulfly,-0.750486256345,-13.9406463806
Soulthrow,-17.2378912248,4.0197779018
Soundgarden,-10.1395861101,-13.3399047976
Soundtrack,15.8516678185,0.247885251003
Southern Culture on the Skids,-2.00795732064,-18.5749159034
Space Cowboy,0.891593228905,-0.908809727789
Sparklehorse,-8.08938968185,-13.4409240227
Spektralized,-5.00849742148,-7.53715502488
Spice Girls,-1.43349509994,18.0312878745
Split Enz,12.3943871732,-8.24103855986
Squarepusher,-8.10298288074,1.01439490722
Squeeze,14.5053973303,-7.13295966142
Squirrel Nut Zippers,-6.18164967366,-20.770217463
Staind,15.1924154125,-22.5664434759
Stateless,10.5961311132,7.65379516851
Static-X,0.359140689708,-12.5774486878
Stavento,-2.15265220681,7.65445792371
Stereophonics,-23.8292303792,-15.5882696139
Steve Jablonsky,17.4813307743,0.699797116831
Steven Wilson,-5.68339326916,5.77265482678
Sting,1.23976104036,12.3525517639
Stone Sour,-19.1431381081,-16.1195356586
Stone Temple Pilots,-10.1441081798,-13.3404360288
Stoneface & Terminal,10.1294727107,13.8019713194
Story of the Year,13.3207604996,4.3075641118
Stray Cats,-17.4286734007,-12.3278044287
Sublime,11.0565691919,-9.25955093144
Subway to Sally,-12.7188579713,-14.4907396944
Suede,-9.06674451456,-17.0052206852
Sufjan Stevens,20.1492583302,-3.95194977152
Suicidal Romance,4.6437284019,-17.5565151385
Suicide Commando,7.12143005134,-14.0553823061
Sunn O))),19.6242918695,-3.95918156594
Sunrise Avenue,-23.8997195392,-15.6371883935
Sunset Rubdown,-8.09519645051,-13.4821217062
Super8 & Tab,10.1294727622,13.801971322
Supernova,-14.5472942384,2.47576515637
Switchblade Symphony,-6.60103402179,-17.3134613784
Switchfoot,-21.9111333155,-13.0386910433
Sylver,9.68941754064,13.4818603406
Syrian,-13.5139055698,-16.292942967
System F,9.68941752874,13.4818603441
System of a Down,-18.3862493583,-16.141580744
Sébastien Tellier,0.728395473248,-0.768640540604
T.O.Y.,-5.16749821611,-4.45833624417
TOKIO,15.285061463,-22.4451463207
TRAX,14.7905228137,-21.9409676658
Tactical Sekt,4.57292186675,-10.6753667433
Taio Cruz,-18.0390713668,-4.95313092791
Take That,-4.52886530421,20.6936717025
Taking Back Sunday,13.6291247833,5.19755346944
Talamasca,7.67730677007,11.1121444737
Talib Kweli,-5.97078511869,-24.8241855332
Talking Heads,14.1939609219,-7.25837342845
Tame Impala,-23.4392426073,-15.720613682
Tamta,-17.9271317726,-4.88763505981
Tamtrum,3.73737266283,-12.7189642834
Tan Bionica,-18.3409646929,1.02559976691
Taproot,11.8037549684,3.62718219331
Taylor Swift,-3.97071786381,17.2939986161
Tears for Fears,11.9342631107,-7.8583813065
Teen Angels,-4.13798170877,19.5883603489
Tegan and Sara,-10.251415678,13.12335656
Telefon Tel Aviv,-8.70055410567,2.93623127666
Temple of the Dog,-10.1426140973,-13.3204461749
Tenhi,-11.0559521343,-18.0670993393
Tera Melos,-11.8149675497,-17.5606707887
Terminal Choice,-5.50166927742,19.1888872675
Terranova,-8.39701843407,-15.1015447426
Teta Lando,-10.9564700256,-18.5985285456
Thalía,-2.81013648426,16.8401787587
The All-American Rejects,-19.0896639903,0.186422774579
The Avalanches,-0.212923531838,-3.96645720866
The B-52's,12.3785204913,-8.30677869128
The Barracudas,9.60319965157,-9.44988490698
The Beach Boys,-21.8515887691,-15.5400413971
The Beatles,1.28047452043,12.1822206269
The Birthday Massacre,5.44235090893,-7.89309786329
The Black Keys,-18.2209129621,6.17762721162
The Brian Setzer Orchestra,-6.21134394741,-20.7554833196
The Byrds,-2.10601605693,-20.3058915597
The Cardigans,12.4972005745,6.01799125633
The Cars,-9.11900443655,-10.2834809216
The Cinematic Orchestra,15.4964566039,-3.67137696225
The Cinematics,-18.2103682661,6.13234497765
The Clash,-13.9474441072,-10.0396087547
The Cramps,8.73270291383,-9.91775899836
The Crystal Method,-0.225365806051,-3.97780260356
The Crüxshadows,3.9836898332,-6.28291920278
The Cure,-20.864403322,-19.1832173195
The Dandy Warhols,11.7047230481,4.45877297489
The Darkness,-23.8788572355,-15.6206563747
The Dead Weather,-23.8788572169,-15.620656341
The Decemberists,7.71424765499,6.81644104034
The Detroit Cobras,-2.02046312214,-18.5701331179
The Doors,-23.4361442398,-15.6829276501
The Drums,-9.88881270668,12.3073857457
The Dust Brothers,-5.88127405076,5.72578994714
The Echoing Green,-5.07418362928,-3.42707596777
The Fall of Troy,-15.9783105809,-9.3136586215
The Flashbulb,-1.30171165309,-2.88342419043
The Fleshtones,9.83848045528,-9.31841585583
The Fray,-16.7993647193,3.54985588241
The Frozen Autumn,4.74376958253,-1.93646290198
The Future Sound of London,-8.10298297699,1.01439487551
The Fuzztones,-2.07476674938,-18.6916689753
The Horrors,-9.88882019606,12.3073911825
The Human League,11.473615842,-8.10939880113
The Jam,11.0107820217,-8.67305406728
The Jimi Hendrix Experience,-19.3041066655,12.3370912569
The Killers,-17.6229860451,4.87411484774
The Kills,-9.88630216306,9.52323258746
The Kings of Nuthin',-17.5880143594,-12.5020229595
The Kinks,-19.3041066477,12.3370922999
The Knife,-3.30589445236,-1.46744987428
The Kooks,-5.53246373854,14.1526781825
The Last Shadow Puppets,-18.2387899535,6.23311187082
The Letter Black,-21.1699916475,-13.6804605592
The Libertines,7.72457564631,6.80241570436
The Litter,-1.97566011521,-19.9584522049
The Magic Numbers,-10.4842571921,11.6691778681
The Mars Volta,13.1848167949,5.87941290493
The Meteors,-17.5877076123,-12.5021451546
The Mighty Mighty Bosstones,11.0857856343,-9.22093151002
The Mooney Suzuki,-2.11167589292,-18.7569426941
The National,7.72053004923,6.85819743838
The Offspring,-21.3661948907,-13.5974265205
The Parallel Project,10.5424535331,14.3974308688
The Pharcyde,-6.09235450412,-24.5288603518
The Pillows,-14.8917606633,-14.3045105935
The Police,14.8217493018,-7.08042292811
The Postal Service,-0.45507413375,-9.71099083094
The Presets,-1.67357104247,-6.220375143
The Pretty Reckless,-18.3691458608,1.15138898966
The Pretty Things,-2.13439844459,-20.499178861
The Puppini Sisters,-6.19866483225,-20.762331002
The Pussycat Dolls,-1.47108634161,19.8963644227
The Quakes,-17.587680758,-12.5021629461
The Rasmus,10.6520351411,4.61059918307
The Red Jumpsuit Apparatus,13.8282756039,4.78435088153
The Roots,-5.97078488252,-24.8241855217
The Script,14.3480385777,5.41795148368
The Seeds,-2.03047040146,-20.3315302782
The Shins,7.29330062229,6.98337517021
The Sisters of Mercy,10.2450782021,-8.3710327583
The Smashing Pumpkins,-17.129737039,0.466993319349
The Smiths,10.3075008001,-8.47971971927
The Sonics,-2.02227303485,-20.2561132145
The Specials,10.6215157106,-9.83499138109
The Stranglers,12.5547652035,-9.08538744989
The String Quartet,18.4053077213,0.447177211377
The Strokes,-16.5918366498,4.59861171644
The Thermals,-18.2209129699,6.1776272099
The Ting Tings,-9.90636695411,11.9529543036
The Troggs,-2.02227304296,-20.2561132257
The Used,-22.7208064337,-16.3568011346
The Veils,7.69314704787,6.83236545778
The Velvet Underground,-20.6015064108,-16.2220089154
The Veronicas,-3.25221563143,20.2141493304
The Whitest Boy Alive,-0.0478998876565,-4.19223043843
The Yardbirds,-19.3041065367,12.3370912506
The Zombies,-8.41004656196,-15.1545040878
The xx,0.862297259556,-0.948533244756
Theatre of Tragedy,-11.3915262835,-1.69457702037
Thelonious Monk,15.1803830959,-3.61952223086
They Might Be Giants,14.604516405,-22.0140090226
Thirteen Senses,-4.95220814247,-18.2748212693
This Beautiful Republic,11.5286879771,4.39885221592
Thom Yorke,11.8110324238,6.8690828812
Thomas Newman,-10.95647127,-18.5985281029
Thousand Foot Krutch,-17.2253025316,0.482047508667
Three Days Grace,10.1660575137,4.6231281812
Thrice,-23.4220858545,-15.6664210873
Thursday,-20.9022129053,-17.5645926652
Tiamat,-1.43724751842,-15.331259725
Tiffany Thornton,0.337888885072,13.5164688112
Tiga,2.05686570799,2.36076327397
Tim Hecker,-8.15167173481,3.27111800889
Timati,-2.75682435439,6.69480780925
Timbaland,-3.14993482231,11.9921132809
Tina Turner,14.6674932233,-21.9333263748
Tiësto,9.68941750386,13.481860329
Tokio Hotel,-19.0060350762,1.35842220607
Tokyo Police Club,-10.4099379856,11.74206311
Tom Waits,-6.45204970577,-13.150208267
Toni Braxton,-12.6037754719,-1.79881537183
Tool,-16.1227873604,-16.7519016857
Toque Profundo,-21.9149132544,-12.927867585
Tori Amos,-11.2581801417,-10.9581376808
Tracktor Bowling,11.2667317294,4.74864009544
Trading Yesterday,-17.0417542149,3.15272168383
Traff!c,11.2667310383,4.74864030848
Travis,15.2883845101,-22.4195977294
Tricky,-14.583793003,-7.78854671213
Turin Brakes,-8.896458818,-16.919067935
Turisas,-11.1703771138,-18.177559491
Tycho,-8.39421786056,3.30561141737
Type O Negative,-16.1752799576,-16.5361249185
U2,-22.5597760457,-15.4545134802
UFO,-19.3041065949,12.3370913915
UGK,-2.75682492592,6.6948075775
UNKLE,14.9022976581,6.33822293699
UVERworld,15.1137470494,-22.6998799777
Uffie,1.17156688039,2.63183847033
Ultravox,11.2603584526,-7.42775826174
Underoath,-16.6375361835,-8.28767282935
Underworld,1.35584485291,-1.71091029853
Unheilig,-4.98918661733,19.494540064
Unknown,-1.85529313922,13.5613022497
Unter Null,4.3444622309,-8.66202620687
Usher,-2.98448453835,10.7749881672
VAST,12.4976094326,6.01787429947
VNV Nation,7.28662594633,-16.8000534667
VV Brown,-9.1114229518,12.4043614212
Vampire Weekend,7.7510083576,6.84523903902
Vanessa Carlton,15.28838403,-22.4196040324
Venetian Snares,-1.45387377706,-2.78859228419
Venom,-20.383467393,-9.05794230383
VersaEmerge,14.3470226827,7.27614824341
Vibrasphere,-6.05882159226,5.66997146557
Vicious Rumors,-14.4995135428,-17.6428222353
Viper,-1.87106021374,-14.5947284407
Visage,10.778498212,-7.058106484
Vitalic,-1.35744736627,-5.64543601038
Vive la Fête,-4.57027201087,-15.2093340431
Wagon Christ,-7.67766313486,1.00046422159
Wale,-10.878805895,-17.681577334
Wanessa,-4.61057859083,16.2568487527
Warbringer,-20.3834673438,-9.05794228897
Warren Suicide,-4.56044361467,-15.1940435326
Wasted Land,14.5264320828,-22.2289978749
Watchtower,-8.50015024781,-20.7117993953
We Are the Fallen,-17.2826591411,0.544722779497
Weezer,12.0831438872,4.27102621276
Welle:Erdball,-4.32694594608,-3.4386804033
Wes Montgomery,15.9194505045,-3.64601786267
West End Girls,-6.23812496939,19.9941098703
Wham!,6.0058549719,-2.72123683181
White Lies,14.1653288796,5.77351622223
Whitney Houston,-5.1634137541,16.9251234482
Why?,-3.08351884455,6.05391553705
Wilco,-6.4520496977,-13.1502082294
Will Smith,-2.14575957873,7.33791925297
Wings,-19.3041066495,12.3370913003
Wintersun,-0.75048626055,-13.9406463848
Wir sind Helden,0.801234329772,13.1161084273
Wisp,-8.44758960032,3.18927535152
Within Temptation,16.0979546844,-21.0028403526
Wolf Parade,7.71432367228,6.81642458207
Wolfgang Amadeus Mozart,18.4841239612,0.455483264516
Wolves in the Throne Room,19.6242918726,-3.95918156737
Worm Is Green,-11.2580403972,-16.9257911238
Wu-Tang Clan,-6.092354265,-24.5288595275
Wynardtage,3.10325298154,-13.3852576249
X-Fusion,5.95411509133,-14.8811158057
XP8,6.82040535609,-17.9452446777
Xandria,-20.6448032873,-16.6027319379
Xzibit,-1.98876996135,6.41385039808
Yann Tiersen,17.3351422069,0.483434160856
Yanni,-9.47839342377,5.80923013299
Yazoo,11.0171691135,-7.2689062685
Yeah Yeah Yeahs,-4.93134220499,-18.2757047664
Yeasayer,-9.81784127029,-4.38044161801
Yelle,-1.82283252024,-6.43910371508
Yes,-13.178021521,-12.6893178195
Yiruma,18.4952971821,0.471095433378
Ylid,-8.15167174368,3.27111800794
Z Prochek,6.86057760076,-17.9560483522
ZAZ,-5.36775092884,14.2928261693
Zero 7,-14.5824892104,-7.77859283062
Zombie Ghost Train,-17.5876673358,-12.5021721182
Zombie Girl,6.41982306732,-16.8533546653
Zomby,2.18095992558,3.8292381604
Zu,-11.5393148192,-20.4607128695
[:SITD:],4.56175726112,-10.7477775269
[unknown],-9.23709110651,-18.0336889167
a-ha,11.6947336416,-9.46557129745
blink-182,-13.869700599,-10.0119596134
cLOUDDEAD,19.6242918529,-3.95918157018
carla morrison,4.15623342488,12.7603546051
cut.rate.box,6.79854102172,-16.2883624291
happysad,-19.23205015,1.24055270008
iamerror,-10.413905365,-18.1783871401
le bowl,-14.3472975824,-19.2717862315
mind.in.a.box,-4.32694594664,-3.4386803939
of Montreal,7.71424757119,6.81644108867
stereomotion,3.79399838479,-12.6992147939
strom noir,-9.43797893086,4.75990634069
t.A.T.u.,-0.877722765933,16.3228198473
will.i.am,-2.14258762131,7.64796329348
www.DjFahad.com,15.2835696738,-22.4516738064
xotox,4.2628878575,-8.90057731869
yelworC,5.52049475469,-14.9079368657
µ-Ziq,-8.19491155039,2.87456947998
Đorđe Balašević,2.18396433605,3.67860524459
Άννα Βισση,0.0721675026574,13.6735976055
Μιχάλης Χατζηγιάννης,-9.31116487147,-17.7570781499
БиС,-3.42075418074,22.0448261481
Борис Апрель,2.20934789848,9.78871645946
Бумбокс,-2.80701861913,5.89052838585
Вера Брежнева,-3.42075399641,22.044826578
Дантес&Олейник,3.22238379954,9.04390958986
Дима Билан,-3.4207541649,22.0448262405
Линда,-3.42075410996,22.0448262305
Михей и Джуманджи,-12.2083571058,-22.2945590407
Танцы Минус,-23.4105536219,-15.6926385342
יוני בלוך,-9.98980277076,-17.6608158376
ギルガメッシュ,-14.7440689575,-15.6184195911
ムック,-14.9445454019,-14.7368990996
モンゴル800,15.9980665159,-21.5894454092
中島美嘉,15.1745555175,-21.2765366927
倖田來未,-11.6904772496,-12.8592166809
増田俊郎,15.8516678216,0.247885250142
宇多田ヒカル,15.6589123999,-21.6514798427
山下智久,14.7905228176,-21.9409676587
浜崎あゆみ,-11.7208160276,-12.8365473708
清春,-15.2596885196,-14.1947971262
菅野よう子,15.7712381867,-3.01035946425
雅-MIYAVI-,16.2388060259,-21.4019058626
